date,app_id,country,lang,realInstalls,minInstalls,score,ratings,reviews
2026-10-06,com.geozilla.family,br,pt,29664756,10000000,4.594989,760600,3900
2026-10-07,com.geozilla.family,br,pt,29716930,10000000,4.591697,761023,3897
2026-10-08,com.geozilla.family,br,pt,29727083,10000000,4.592016,761848,3899
2026-10-06,com.geozilla.family,de,de,29664756,10000000,4.2096477,760600,684
2026-10-07,com.geozilla.family,de,de,29716930,10000000,4.202226,761023,684
2026-10-08,com.geozilla.family,de,de,29727083,10000000,4.2077923,761824,684
2026-10-06,com.geozilla.family,fr,fr,29664756,10000000,3.7609427,760600,361
2026-10-07,com.geozilla.family,fr,fr,29716930,10000000,3.7567568,761023,361
2026-10-08,com.geozilla.family,fr,fr,29727083,10000000,3.7542088,761848,361
2026-10-06,com.geozilla.family,gb,en,29664756,10000000,4.1268115,760600,305
2026-10-07,com.geozilla.family,gb,en,29716930,10000000,4.120438,761023,306
2026-10-08,com.geozilla.family,gb,en,29727083,10000000,4.120438,761824,306
2026-10-06,com.geozilla.family,pl,pl,29664756,10000000,3.3564355,760600,96
2026-10-07,com.geozilla.family,pl,pl,29716930,10000000,3.3564355,761023,96
2026-10-08,com.geozilla.family,pl,pl,29727083,10000000,3.372549,761848,96
2026-10-06,com.geozilla.family,us,en,29664756,10000000,4.2016373,760600,3207
2026-10-07,com.geozilla.family,us,en,29716930,10000000,4.199638,761023,3208
2026-10-08,com.geozilla.family,us,en,29727083,10000000,4.201932,761848,3208
2026-10-06,com.isharing.isharing,br,pt,32880091,10000000,4.72836,248113,3213
2026-10-07,com.isharing.isharing,br,pt,32880091,10000000,4.7288017,248186,3214
2026-10-08,com.isharing.isharing,br,pt,32942824,10000000,4.7295775,248273,3214
2026-10-06,com.isharing.isharing,de,de,32880091,10000000,4.2626505,248113,642
2026-10-07,com.isharing.isharing,de,de,32880091,10000000,4.2696896,248186,642
2026-10-08,com.isharing.isharing,de,de,32942824,10000000,4.266187,248273,642
2026-10-06,com.isharing.isharing,fr,fr,32880091,10000000,4.4369974,248113,473
2026-10-07,com.isharing.isharing,fr,fr,32880091,10000000,4.438503,248186,473
2026-10-08,com.isharing.isharing,fr,fr,32942824,10000000,4.438503,248270,473
2026-10-06,com.isharing.isharing,gb,en,32880091,10000000,4.2686567,248113,309
2026-10-07,com.isharing.isharing,gb,en,32880091,10000000,4.288889,248186,309
2026-10-08,com.isharing.isharing,gb,en,32942824,10000000,4.288889,248270,309
2026-10-06,com.isharing.isharing,pl,pl,32880091,10000000,4.5643563,248113,106
2026-10-07,com.isharing.isharing,pl,pl,32880091,10000000,4.56,248186,106
2026-10-08,com.isharing.isharing,pl,pl,32942824,10000000,4.56,248270,107
2026-10-06,com.isharing.isharing,us,en,32880091,10000000,4.5358047,248113,2232
2026-10-07,com.isharing.isharing,us,en,32880091,10000000,4.5354133,248186,2231
2026-10-08,com.isharing.isharing,us,en,32942824,10000000,4.5358047,248270,2231
2026-10-06,com.life360.android.safetymapd,br,pt,223710409,100000000,4.786204,2438493,81875
2026-10-07,com.life360.android.safetymapd,br,pt,224233862,100000000,4.7888675,2440563,81897
2026-10-08,com.life360.android.safetymapd,br,pt,224325751,100000000,4.7910194,2443111,81919
2026-10-06,com.life360.android.safetymapd,de,de,223710409,100000000,4.6429505,2438493,10786
2026-10-07,com.life360.android.safetymapd,de,de,224233862,100000000,4.643139,2440563,10787
2026-10-08,com.life360.android.safetymapd,de,de,224325751,100000000,4.641228,2443025,10790
2026-10-06,com.life360.android.safetymapd,fr,fr,223710409,100000000,4.6845703,2438493,7534
2026-10-07,com.life360.android.safetymapd,fr,fr,224233862,100000000,4.6845965,2440563,7536
2026-10-08,com.life360.android.safetymapd,fr,fr,224325751,100000000,4.6904297,2443111,7538
2026-10-06,com.life360.android.safetymapd,gb,en,223710409,100000000,4.734661,2438493,28151
2026-10-07,com.life360.android.safetymapd,gb,en,224233862,100000000,4.7362037,2440563,28159
2026-10-08,com.life360.android.safetymapd,gb,en,224325751,100000000,4.7374024,2443025,28170
2026-10-06,com.life360.android.safetymapd,pl,pl,223710409,100000000,4.5659575,2438493,1959
2026-10-07,com.life360.android.safetymapd,pl,pl,224233862,100000000,4.5655913,2440563,1960
2026-10-08,com.life360.android.safetymapd,pl,pl,224325751,100000000,4.5803,2443025,1960
2026-10-06,com.life360.android.safetymapd,us,en,223710409,100000000,4.76128,2438493,312426
2026-10-07,com.life360.android.safetymapd,us,en,224233862,100000000,4.7620015,2440563,312476
2026-10-08,com.life360.android.safetymapd,us,en,224325751,100000000,4.762964,2443025,312548
2026-10-06,org.findmykids.app,br,pt,82880689,50000000,4.8076897,2058269,30189
2026-10-07,org.findmykids.app,br,pt,82958346,50000000,4.808381,2058654,30194
2026-10-08,org.findmykids.app,br,pt,82958346,50000000,4.8084135,2059153,30205
2026-10-06,org.findmykids.app,de,de,82880689,50000000,4.224599,2058269,4994
2026-10-07,org.findmykids.app,de,de,82958346,50000000,4.225994,2058654,4994
2026-10-08,org.findmykids.app,de,de,82958346,50000000,4.2242217,2059168,4994
2026-10-06,org.findmykids.app,fr,fr,82880689,50000000,4.5854516,2058269,12292
2026-10-07,org.findmykids.app,fr,fr,82958346,50000000,4.5848885,2058654,12291
2026-10-08,org.findmykids.app,fr,fr,82958346,50000000,4.5852876,2059153,12293
2026-10-06,org.findmykids.app,gb,en,82880689,50000000,4.6155086,2058269,10505
2026-10-07,org.findmykids.app,gb,en,82958346,50000000,4.6159215,2058654,10513
2026-10-08,org.findmykids.app,gb,en,82958346,50000000,4.6156464,2059168,10520
2026-10-06,org.findmykids.app,pl,pl,82880689,50000000,4.7320185,2058269,18809
2026-10-07,org.findmykids.app,pl,pl,82958346,50000000,4.732601,2058654,18811
2026-10-08,org.findmykids.app,pl,pl,82958346,50000000,4.7325807,2059168,18814
2026-10-06,org.findmykids.app,us,en,82880689,50000000,4.633693,2058269,12985
2026-10-07,org.findmykids.app,us,en,82958346,50000000,4.6334248,2058654,12985
2026-10-08,org.findmykids.app,us,en,82958346,50000000,4.633679,2059168,12987
