date,app_id,country,available,currency,min_local,max_local,min_usd,max_usd
2026-10-06,com.geozilla.family,us,True,USD,2.99,89.99,2.99,89.99
2026-10-06,com.geozilla.family,ca,True,CAD,3.99,119.0,2.8,83.47
2026-10-06,com.geozilla.family,mx,True,MXN,53.99,1949.0,2.98,107.64
2026-10-06,com.geozilla.family,br,True,BRL,14.99,449.99,2.99,89.69
2026-10-06,com.geozilla.family,ar,True,ARS,4470.05,134535.05,2.94,88.55
2026-10-06,com.geozilla.family,cl,True,CLP,2900.0,79000.0,2.93,79.9
2026-10-06,com.geozilla.family,co,True,COP,11500.0,265000.0,3.5,80.65
2026-10-06,com.geozilla.family,pe,True,PEN,10.99,304.99,3.19,88.54
2026-10-06,com.geozilla.family,gb,True,GBP,2.89,82.99,3.82,109.7
2026-10-06,com.geozilla.family,ie,True,EUR,3.39,94.99,3.8,106.48
2026-10-06,com.geozilla.family,de,True,EUR,3.29,74.99,3.69,84.06
2026-10-06,com.geozilla.family,fr,True,EUR,3.29,74.99,3.69,84.06
2026-10-06,com.geozilla.family,es,True,EUR,3.39,94.99,3.8,106.48
2026-10-06,com.geozilla.family,it,True,EUR,3.39,74.99,3.8,84.06
2026-10-06,com.geozilla.family,nl,True,EUR,3.39,74.99,3.8,84.06
2026-10-06,com.geozilla.family,be,True,EUR,3.39,74.99,3.8,84.06
2026-10-06,com.geozilla.family,at,True,EUR,2.99,74.99,3.35,84.06
2026-10-06,com.geozilla.family,pt,True,EUR,2.99,74.99,3.35,84.06
2026-10-06,com.geozilla.family,fi,True,EUR,3.49,74.99,3.91,84.06
2026-10-06,com.geozilla.family,gr,True,EUR,2.99,74.99,3.35,84.06
2026-10-06,com.geozilla.family,sk,True,EUR,2.99,94.99,3.35,106.48
2026-10-06,com.geozilla.family,si,True,EUR,1.99,94.99,2.23,106.48
2026-10-06,com.geozilla.family,ee,True,EUR,2.99,74.99,3.35,84.06
2026-10-06,com.geozilla.family,lv,True,EUR,2.99,74.99,3.35,84.06
2026-10-06,com.geozilla.family,lt,True,EUR,2.99,94.99,3.35,106.48
2026-10-06,com.geozilla.family,hr,True,EUR,2.99,75.52,3.35,84.65
2026-10-06,com.geozilla.family,bg,True,EUR,3.32,74.99,3.72,84.06
2026-10-06,com.geozilla.family,pl,True,PLN,11.99,354.99,3.07,90.84
2026-10-06,com.geozilla.family,cz,True,CZK,79.99,2299.99,3.67,105.46
2026-10-06,com.geozilla.family,hu,True,HUF,959.0,31499.0,2.93,96.11
2026-10-06,com.geozilla.family,ro,True,RON,8.99,479.99,1.89,100.86
2026-10-06,com.geozilla.family,se,True,SEK,39.99,859.0,3.98,85.55
2026-10-06,com.geozilla.family,no,True,NOK,41.0,999.0,4.27,104.13
2026-10-06,com.geozilla.family,dk,True,DKK,26.0,569.0,3.9,85.3
2026-10-06,com.geozilla.family,ch,True,CHF,2.7,85.99,3.25,103.46
2026-10-06,com.geozilla.family,ua,True,UAH,85.99,3749.99,1.91,83.2
2026-10-06,com.geozilla.family,tr,True,TRY,53.99,4539.99,1.1,92.34
2026-10-06,com.geozilla.family,il,True,ILS,11.0,299.9,3.6,98.29
2026-10-06,com.geozilla.family,ae,True,AED,11.99,344.99,3.26,93.94
2026-10-06,com.geozilla.family,sa,True,SAR,12.99,389.99,3.46,104.0
2026-10-06,com.geozilla.family,qa,True,QAR,10.99,330.0,3.02,90.66
2026-10-06,com.geozilla.family,eg,True,EGP,91.99,4849.99,1.75,92.5
2026-10-06,com.geozilla.family,ma,True,MAD,24.99,1009.99,2.51,101.28
2026-10-06,com.geozilla.family,za,True,ZAR,17.99,1799.99,1.08,108.12
2026-10-06,com.geozilla.family,ng,True,NGN,1500.0,139000.0,1.13,104.43
2026-10-06,com.geozilla.family,ke,True,KES,15.99,13000.0,0.12,100.19
2026-10-06,com.geozilla.family,in,True,INR,179.0,9400.0,1.86,97.53
2026-10-06,com.geozilla.family,pk,True,PKR,799.0,25300.0,2.88,91.3
2026-10-06,com.geozilla.family,bd,True,BDT,289.0,9900.0,2.35,80.39
2026-10-06,com.geozilla.family,id,True,IDR,32000.0,1490000.0,1.79,83.27
2026-10-06,com.geozilla.family,my,True,MYR,8.99,409.99,2.2,100.32
2026-10-06,com.geozilla.family,th,True,THB,110.0,2500.0,3.26,74.2
2026-10-06,com.geozilla.family,vn,True,VND,66000.0,2350000.0,2.54,90.5
2026-10-06,com.geozilla.family,ph,True,PHP,139.0,5900.0,2.22,94.19
2026-10-06,com.geozilla.family,sg,True,SGD,4.48,129.98,3.5,101.56
2026-10-06,com.geozilla.family,jp,True,JPY,410.0,12100.0,2.6,76.59
2026-10-06,com.geozilla.family,kr,True,KRW,4300.0,110000.0,3.2,81.92
2026-10-06,com.geozilla.family,tw,True,TWD,74.99,2920.0,2.36,91.87
2026-10-06,com.geozilla.family,hk,True,HKD,18.99,549.0,2.42,69.96
2026-10-06,com.geozilla.family,au,True,AUD,4.99,109.99,3.48,76.61
2026-10-06,com.geozilla.family,nz,True,NZD,5.49,139.99,3.07,78.37
2026-10-06,com.geozilla.family,kz,True,KZT,1199.0,52990.0,2.63,116.13
2026-10-06,com.geozilla.family,rs,True,RSD,269.0,10999.0,2.57,104.98
2026-10-06,com.life360.android.safetymapd,us,True,USD,1.49,249.99,1.49,249.99
2026-10-06,com.life360.android.safetymapd,ca,True,CAD,1.99,349.99,1.4,245.5
2026-10-06,com.life360.android.safetymapd,mx,True,MXN,28.0,5599.0,1.55,309.23
2026-10-06,com.life360.android.safetymapd,br,True,BRL,4.69,1399.99,0.93,279.05
2026-10-06,com.life360.android.safetymapd,ar,True,ARS,2242.5,373735.05,1.48,246.0
2026-10-06,com.life360.android.safetymapd,cl,True,CLP,990.0,281000.0,1.0,284.2
2026-10-06,com.life360.android.safetymapd,co,True,COP,4500.0,1050000.0,1.37,319.54
2026-10-06,com.life360.android.safetymapd,pe,True,PEN,4.89,939.99,1.42,272.88
2026-10-06,com.life360.android.safetymapd,gb,True,GBP,1.39,224.99,1.84,297.42
2026-10-06,com.life360.android.safetymapd,ie,True,EUR,1.69,274.99,1.89,308.25
2026-10-06,com.life360.android.safetymapd,de,True,EUR,1.59,264.99,1.78,297.04
2026-10-06,com.life360.android.safetymapd,fr,True,EUR,1.59,269.99,1.78,302.64
2026-10-06,com.life360.android.safetymapd,es,True,EUR,1.69,269.99,1.89,302.64
2026-10-06,com.life360.android.safetymapd,it,True,EUR,1.69,274.99,1.89,308.25
2026-10-06,com.life360.android.safetymapd,nl,True,EUR,1.69,269.99,1.89,302.64
2026-10-06,com.life360.android.safetymapd,be,True,EUR,1.69,599.0,1.89,671.44
2026-10-06,com.life360.android.safetymapd,at,True,EUR,1.59,269.99,1.78,302.64
2026-10-06,com.life360.android.safetymapd,pt,True,EUR,1.69,274.99,1.89,308.25
2026-10-06,com.life360.android.safetymapd,fi,True,EUR,1.69,279.99,1.89,313.85
2026-10-06,com.life360.android.safetymapd,gr,True,EUR,1.69,279.99,1.89,313.85
2026-10-06,com.life360.android.safetymapd,sk,True,EUR,1.59,269.99,1.78,302.64
2026-10-06,com.life360.android.safetymapd,si,True,EUR,1.69,274.99,1.89,308.25
2026-10-06,com.life360.android.safetymapd,ee,True,EUR,1.59,274.99,1.78,308.25
2026-10-06,com.life360.android.safetymapd,lv,True,EUR,1.69,269.99,1.89,302.64
2026-10-06,com.life360.android.safetymapd,lt,True,EUR,1.69,269.99,1.89,302.64
2026-10-06,com.life360.android.safetymapd,hr,True,EUR,1.73,279.99,1.94,313.85
2026-10-06,com.life360.android.safetymapd,bg,True,EUR,1.63,270.98,1.83,303.75
2026-10-06,com.life360.android.safetymapd,pl,True,PLN,7.09,1179.99,1.81,301.97
2026-10-06,com.life360.android.safetymapd,cz,True,CZK,44.99,6799.99,2.06,311.81
2026-10-06,com.life360.android.safetymapd,hu,True,HUF,499.0,112999.0,1.52,344.77
2026-10-06,com.life360.android.safetymapd,ro,True,RON,7.49,1349.99,1.57,283.67
2026-10-06,com.life360.android.safetymapd,se,True,SEK,16.0,3199.0,1.59,318.6
2026-10-06,com.life360.android.safetymapd,no,True,NOK,16.0,3299.0,1.67,343.87
2026-10-06,com.life360.android.safetymapd,dk,True,DKK,13.0,2099.0,1.95,314.67
2026-10-06,com.life360.android.safetymapd,ch,True,CHF,1.5,210.0,1.8,252.67
2026-10-06,com.life360.android.safetymapd,ua,True,UAH,30.99,12449.99,0.69,276.23
2026-10-06,com.life360.android.safetymapd,tr,True,TRY,5.39,11649.99,0.11,236.96
2026-10-06,com.life360.android.safetymapd,il,True,ILS,5.5,1790.0,1.8,586.63
2026-10-06,com.life360.android.safetymapd,ae,True,AED,5.49,959.99,1.49,261.4
2026-10-06,com.life360.android.safetymapd,sa,True,SAR,5.59,1099.99,1.49,293.33
2026-10-06,com.life360.android.safetymapd,qa,True,QAR,5.5,910.0,1.51,250.0
2026-10-06,com.life360.android.safetymapd,eg,True,EGP,15.58,14199.99,0.3,270.83
2026-10-06,com.life360.android.safetymapd,ma,True,MAD,14.99,2919.99,1.5,292.83
2026-10-06,com.life360.android.safetymapd,za,True,ZAR,19.99,5149.99,1.2,309.35
2026-10-06,com.life360.android.safetymapd,ng,True,NGN,394.12,441000.0,0.3,331.33
2026-10-06,com.life360.android.safetymapd,ke,True,KES,200.0,37000.0,1.54,285.16
2026-10-06,com.life360.android.safetymapd,in,True,INR,95.0,25300.0,0.99,262.5
2026-10-06,com.life360.android.safetymapd,pk,True,PKR,160.0,99000.0,0.58,357.28
2026-10-06,com.life360.android.safetymapd,bd,True,BDT,9.99,35000.0,0.08,284.22
2026-10-06,com.life360.android.safetymapd,id,True,IDR,20000.0,4090000.0,1.12,228.59
2026-10-06,com.life360.android.safetymapd,my,True,MYR,6.49,1159.99,1.59,283.83
2026-10-06,com.life360.android.safetymapd,th,True,THB,7.99,8900.0,0.24,264.16
2026-10-06,com.life360.android.safetymapd,vn,True,VND,34000.0,6500000.0,1.31,250.33
2026-10-06,com.life360.android.safetymapd,ph,True,PHP,75.0,13950.0,1.2,222.7
2026-10-06,com.life360.android.safetymapd,sg,True,SGD,1.99,349.99,1.55,273.47
2026-10-06,com.life360.android.safetymapd,jp,True,JPY,170.0,39700.0,1.08,251.29
2026-10-06,com.life360.android.safetymapd,kr,True,KRW,1700.0,380000.0,1.27,283.0
2026-10-06,com.life360.android.safetymapd,tw,True,TWD,45.0,8400.0,1.42,264.28
2026-10-06,com.life360.android.safetymapd,hk,True,HKD,13.0,1958.0,1.66,249.52
2026-10-06,com.life360.android.safetymapd,au,True,AUD,1.99,429.99,1.39,299.49
2026-10-06,com.life360.android.safetymapd,nz,True,NZD,2.49,484.99,1.39,271.5
2026-10-06,com.life360.android.safetymapd,kz,True,KZT,470.0,142990.0,1.03,313.37
2026-10-06,com.life360.android.safetymapd,rs,True,RSD,199.0,31999.0,1.9,305.41
2026-10-06,org.findmykids.app,us,True,USD,0.39,999.99,0.39,999.99
2026-10-06,org.findmykids.app,ca,True,CAD,0.29,911.76,0.2,639.55
2026-10-06,org.findmykids.app,mx,True,MXN,4.99,13900.0,0.28,767.7
2026-10-06,org.findmykids.app,br,True,BRL,1.19,2790.9,0.24,556.29
2026-10-06,org.findmykids.app,ar,True,ARS,882.05,1494985.05,0.58,984.03
2026-10-06,org.findmykids.app,cl,True,CLP,240.0,719000.0,0.24,727.2
2026-10-06,org.findmykids.app,co,True,COP,1000.0,2850000.0,0.3,867.31
2026-10-06,org.findmykids.app,pe,True,PEN,0.89,1089.99,0.26,316.43
2026-10-06,org.findmykids.app,gb,True,GBP,0.19,649.99,0.25,859.22
2026-10-06,org.findmykids.app,ie,True,EUR,0.29,719.99,0.33,807.06
2026-10-06,org.findmykids.app,de,True,EUR,0.29,719.99,0.33,807.06
2026-10-06,org.findmykids.app,fr,True,EUR,0.29,719.99,0.33,807.06
2026-10-06,org.findmykids.app,es,True,EUR,0.29,719.99,0.33,807.06
2026-10-06,org.findmykids.app,it,True,EUR,0.29,719.99,0.33,807.06
2026-10-06,org.findmykids.app,nl,True,EUR,0.29,719.99,0.33,807.06
2026-10-06,org.findmykids.app,be,True,EUR,0.29,719.99,0.33,807.06
2026-10-06,org.findmykids.app,at,True,EUR,0.29,719.99,0.33,807.06
2026-10-06,org.findmykids.app,pt,True,EUR,0.29,719.99,0.33,807.06
2026-10-06,org.findmykids.app,fi,True,EUR,0.29,719.99,0.33,807.06
2026-10-06,org.findmykids.app,gr,True,EUR,0.29,719.99,0.33,807.06
2026-10-06,org.findmykids.app,sk,True,EUR,0.29,719.99,0.33,807.06
2026-10-06,org.findmykids.app,si,True,EUR,0.29,719.99,0.33,807.06
2026-10-06,org.findmykids.app,ee,True,EUR,0.29,719.99,0.33,807.06
2026-10-06,org.findmykids.app,lv,True,EUR,0.29,719.99,0.33,807.06
2026-10-06,org.findmykids.app,lt,True,EUR,0.29,719.99,0.33,807.06
2026-10-06,org.findmykids.app,hr,True,EUR,0.27,719.99,0.3,807.06
2026-10-06,org.findmykids.app,bg,True,EUR,0.25,279.99,0.28,313.85
2026-10-06,org.findmykids.app,pl,True,PLN,1.29,3350.99,0.33,857.53
2026-10-06,org.findmykids.app,cz,True,CZK,6.99,18900.99,0.32,866.68
2026-10-06,org.findmykids.app,hu,True,HUF,99.0,309000.0,0.3,942.79
2026-10-06,org.findmykids.app,ro,True,RON,1.29,3690.99,0.27,775.57
2026-10-06,org.findmykids.app,se,True,SEK,3.0,8850.0,0.3,881.4
2026-10-06,org.findmykids.app,no,True,NOK,3.0,9090.0,0.31,947.49
2026-10-06,org.findmykids.app,dk,True,DKK,2.0,5750.0,0.3,862.01
2026-10-06,org.findmykids.app,ch,True,CHF,0.2,575.99,0.24,693.01
2026-10-06,org.findmykids.app,ua,True,UAH,5.0,23900.0,0.11,530.27
2026-10-06,org.findmykids.app,tr,True,TRY,1.79,24900.0,0.04,506.47
2026-10-06,org.findmykids.app,il,True,ILS,0.8,2650.9,0.26,868.77
2026-10-06,org.findmykids.app,ae,True,AED,0.89,2650.99,0.24,721.85
2026-10-06,org.findmykids.app,sa,True,SAR,0.99,1249.99,0.26,333.33
2026-10-06,org.findmykids.app,qa,True,QAR,1.0,1050.0,0.27,288.46
2026-10-06,org.findmykids.app,eg,True,EGP,4.39,14749.99,0.08,281.32
2026-10-06,org.findmykids.app,ma,True,MAD,2.89,8150.99,0.29,817.41
2026-10-06,org.findmykids.app,za,True,ZAR,4.49,6199.99,0.27,372.42
2026-10-06,org.findmykids.app,ng,True,NGN,99.0,769000.0,0.07,577.76
2026-10-06,org.findmykids.app,ke,True,KES,32.09,119000.0,0.25,917.13
2026-10-06,org.findmykids.app,in,True,INR,10.0,64500.0,0.1,669.22
2026-10-06,org.findmykids.app,pk,True,PKR,49.0,185000.0,0.18,667.64
2026-10-06,org.findmykids.app,bd,True,BDT,20.0,83900.0,0.16,681.31
2026-10-06,org.findmykids.app,id,True,IDR,3400.0,9990000.0,0.19,558.33
2026-10-06,org.findmykids.app,my,True,MYR,0.99,3190.99,0.24,780.78
2026-10-06,org.findmykids.app,th,True,THB,9.0,10750.0,0.27,319.07
2026-10-06,org.findmykids.app,vn,True,VND,5500.0,7400000.0,0.21,284.99
2026-10-06,org.findmykids.app,ph,True,PHP,13.0,36900.0,0.21,589.07
2026-10-06,org.findmykids.app,sg,True,SGD,0.48,429.99,0.38,335.98
2026-10-06,org.findmykids.app,jp,True,JPY,30.0,99800.0,0.19,631.72
2026-10-06,org.findmykids.app,kr,True,KRW,300.0,600000.0,0.22,446.84
2026-10-06,org.findmykids.app,tw,True,TWD,7.35,10000.0,0.23,314.61
2026-10-06,org.findmykids.app,hk,True,HKD,1.81,5290.99,0.23,674.26
2026-10-06,org.findmykids.app,au,True,AUD,0.39,1150.99,0.27,801.68
2026-10-06,org.findmykids.app,nz,True,NZD,0.39,1350.99,0.22,756.28
2026-10-06,org.findmykids.app,kz,True,KZT,120.0,349000.0,0.26,764.85
2026-10-06,org.findmykids.app,rs,True,RSD,49.0,38999.0,0.47,372.22
2026-10-06,com.isharing.isharing,us,True,USD,2.99,129.99,2.99,129.99
2026-10-06,com.isharing.isharing,ca,True,CAD,2.99,169.99,2.1,119.24
2026-10-06,com.isharing.isharing,mx,True,MXN,19.9,3049.0,1.1,168.4
2026-10-06,com.isharing.isharing,br,True,BRL,2.99,669.99,0.6,133.54
2026-10-06,com.isharing.isharing,ar,True,ARS,5217.55,194335.05,3.43,127.92
2026-10-06,com.isharing.isharing,cl,True,CLP,1900.0,124000.0,1.92,125.41
2026-10-06,com.isharing.isharing,co,True,COP,4900.0,540000.0,1.49,164.33
2026-10-06,com.isharing.isharing,pe,True,PEN,9.99,529.99,2.9,153.86
2026-10-06,com.isharing.isharing,gb,True,GBP,2.26,124.99,2.99,165.22
2026-10-06,com.isharing.isharing,ie,True,EUR,2.76,144.99,3.09,162.52
2026-10-06,com.isharing.isharing,de,True,EUR,2.76,139.99,3.09,156.92
2026-10-06,com.isharing.isharing,fr,True,EUR,2.76,144.99,3.09,162.52
2026-10-06,com.isharing.isharing,es,True,EUR,2.76,144.99,3.09,162.52
2026-10-06,com.isharing.isharing,it,True,EUR,2.76,144.99,3.09,162.52
2026-10-06,com.isharing.isharing,nl,True,EUR,2.78,144.99,3.12,162.52
2026-10-06,com.isharing.isharing,be,True,EUR,2.76,144.99,3.09,162.52
2026-10-06,com.isharing.isharing,at,True,EUR,2.76,144.99,3.09,162.52
2026-10-06,com.isharing.isharing,pt,True,EUR,2.78,144.99,3.12,162.52
2026-10-06,com.isharing.isharing,fi,True,EUR,2.76,149.99,3.09,168.13
2026-10-06,com.isharing.isharing,gr,True,EUR,2.76,149.99,3.09,168.13
2026-10-06,com.isharing.isharing,sk,True,EUR,2.78,144.99,3.12,162.52
2026-10-06,com.isharing.isharing,si,True,EUR,2.78,144.99,3.12,162.52
2026-10-06,com.isharing.isharing,ee,True,EUR,2.76,144.99,3.09,162.52
2026-10-06,com.isharing.isharing,lv,True,EUR,3.69,144.99,4.14,162.52
2026-10-06,com.isharing.isharing,lt,True,EUR,2.78,144.99,3.12,162.52
2026-10-06,com.isharing.isharing,hr,True,EUR,3.85,149.99,4.32,168.13
2026-10-06,com.isharing.isharing,bg,True,EUR,2.78,143.16,3.12,160.47
2026-10-06,com.isharing.isharing,pl,True,PLN,11.65,659.99,2.98,168.89
2026-10-06,com.isharing.isharing,cz,True,CZK,71.08,3399.99,3.26,155.9
2026-10-06,com.isharing.isharing,hu,True,HUF,849.0,55999.0,2.59,170.86
2026-10-06,com.isharing.isharing,ro,True,RON,12.33,699.99,2.59,147.09
2026-10-06,com.isharing.isharing,se,True,SEK,24.99,1749.0,2.49,174.19
2026-10-06,com.isharing.isharing,no,True,NOK,22.61,1749.0,2.36,182.31
2026-10-06,com.isharing.isharing,dk,True,DKK,20.6,1099.0,3.09,164.76
2026-10-06,com.isharing.isharing,ch,True,CHF,2.99,120.0,3.6,144.38
2026-10-06,com.isharing.isharing,ua,True,UAH,9.99,5749.99,0.22,127.57
2026-10-06,com.isharing.isharing,tr,True,TRY,7.99,3989.99,0.16,81.16
2026-10-06,com.isharing.isharing,il,True,ILS,10.0,475.0,3.28,155.67
2026-10-06,com.isharing.isharing,ae,True,AED,12.29,499.99,3.35,136.14
2026-10-06,com.isharing.isharing,sa,True,SAR,12.55,559.99,3.35,149.33
2026-10-06,com.isharing.isharing,qa,True,QAR,9.99,480.0,2.74,131.87
2026-10-06,com.isharing.isharing,eg,True,EGP,27.09,3999.99,0.52,76.29
2026-10-06,com.isharing.isharing,ma,True,MAD,29.99,1539.99,3.01,154.43
2026-10-06,com.isharing.isharing,za,True,ZAR,39.46,2799.99,2.37,168.19
2026-10-06,com.isharing.isharing,ng,True,NGN,99.0,162500.0,0.07,122.09
2026-10-06,com.isharing.isharing,ke,True,KES,400.0,21000.0,3.08,161.85
2026-10-06,com.isharing.isharing,in,True,INR,49.0,12600.0,0.51,130.73
2026-10-06,com.isharing.isharing,pk,True,PKR,105.0,37200.0,0.38,134.25
2026-10-06,com.isharing.isharing,bd,True,BDT,149.0,14000.0,1.21,113.69
2026-10-06,com.isharing.isharing,id,True,IDR,9900.0,1990000.0,0.55,111.22
2026-10-06,com.isharing.isharing,my,True,MYR,9.9,639.99,2.42,156.59
2026-10-06,com.isharing.isharing,th,True,THB,49.99,4950.0,1.48,146.92
2026-10-06,com.isharing.isharing,vn,True,VND,19900.0,3050000.0,0.77,117.46
2026-10-06,com.isharing.isharing,ph,True,PHP,49.0,7200.0,0.78,114.94
2026-10-06,com.isharing.isharing,sg,True,SGD,2.99,189.98,2.34,148.44
2026-10-06,com.isharing.isharing,jp,True,JPY,299.0,18800.0,1.89,119.0
2026-10-06,com.isharing.isharing,kr,True,KRW,3900.0,190000.0,2.9,141.5
2026-10-06,com.isharing.isharing,tw,True,TWD,49.99,4240.0,1.57,133.4
2026-10-06,com.isharing.isharing,hk,True,HKD,19.99,1018.0,2.55,129.73
2026-10-06,com.isharing.isharing,au,True,AUD,2.99,214.99,2.08,149.74
2026-10-06,com.isharing.isharing,nz,True,NZD,4.41,244.99,2.47,137.14
2026-10-06,com.isharing.isharing,kz,True,KZT,300.0,65990.0,0.66,144.62
2026-10-06,com.isharing.isharing,rs,True,RSD,400.0,16999.0,3.82,162.24
2026-10-08,com.geozilla.family,us,True,USD,2.99,89.99,2.99,89.99
2026-10-08,com.geozilla.family,ca,True,CAD,3.99,119.0,2.8,83.55
2026-10-08,com.geozilla.family,mx,True,MXN,53.99,1949.0,3.0,108.24
2026-10-08,com.geozilla.family,br,True,BRL,14.99,449.99,3.0,89.95
2026-10-08,com.geozilla.family,ar,True,ARS,4470.05,134535.05,2.94,88.47
2026-10-08,com.geozilla.family,cl,True,CLP,2900.0,79000.0,2.98,81.07
2026-10-08,com.geozilla.family,co,True,COP,11500.0,265000.0,3.55,81.87
2026-10-08,com.geozilla.family,pe,True,PEN,10.99,304.99,3.19,88.58
2026-10-08,com.geozilla.family,gb,True,GBP,2.89,82.99,3.82,109.7
2026-10-08,com.geozilla.family,ie,True,EUR,3.39,94.99,3.8,106.38
2026-10-08,com.geozilla.family,de,True,EUR,3.29,74.99,3.68,83.98
2026-10-08,com.geozilla.family,fr,True,EUR,3.29,74.99,3.68,83.98
2026-10-08,com.geozilla.family,es,True,EUR,3.39,94.99,3.8,106.38
2026-10-08,com.geozilla.family,it,True,EUR,3.39,74.99,3.8,83.98
2026-10-08,com.geozilla.family,nl,True,EUR,3.39,74.99,3.8,83.98
2026-10-08,com.geozilla.family,be,True,EUR,3.39,74.99,3.8,83.98
2026-10-08,com.geozilla.family,at,True,EUR,2.99,74.99,3.35,83.98
2026-10-08,com.geozilla.family,pt,True,EUR,2.99,74.99,3.35,83.98
2026-10-08,com.geozilla.family,fi,True,EUR,3.49,74.99,3.91,83.98
2026-10-08,com.geozilla.family,gr,True,EUR,2.99,74.99,3.35,83.98
2026-10-08,com.geozilla.family,sk,True,EUR,2.99,94.99,3.35,106.38
2026-10-08,com.geozilla.family,si,True,EUR,1.99,94.99,2.23,106.38
2026-10-08,com.geozilla.family,ee,True,EUR,2.99,74.99,3.35,83.98
2026-10-08,com.geozilla.family,lv,True,EUR,2.99,74.99,3.35,83.98
2026-10-08,com.geozilla.family,lt,True,EUR,2.99,94.99,3.35,106.38
2026-10-08,com.geozilla.family,hr,True,EUR,2.99,75.52,3.35,84.57
2026-10-08,com.geozilla.family,bg,True,EUR,3.32,74.99,3.72,83.98
2026-10-08,com.geozilla.family,pl,True,PLN,11.99,354.99,3.07,90.77
2026-10-08,com.geozilla.family,cz,True,CZK,79.99,2299.99,3.67,105.45
2026-10-08,com.geozilla.family,hu,True,HUF,959.0,31499.0,2.93,96.34
2026-10-08,com.geozilla.family,ro,True,RON,8.99,479.99,1.88,100.4
2026-10-08,com.geozilla.family,se,True,SEK,39.99,859.0,3.99,85.8
2026-10-08,com.geozilla.family,no,True,NOK,41.0,999.0,4.28,104.33
2026-10-08,com.geozilla.family,dk,True,DKK,26.0,569.0,3.89,85.14
2026-10-08,com.geozilla.family,ch,True,CHF,2.7,85.99,3.24,103.22
2026-10-08,com.geozilla.family,ua,True,UAH,85.99,3749.99,1.91,83.49
2026-10-08,com.geozilla.family,tr,True,TRY,53.99,4539.99,1.1,92.24
2026-10-08,com.geozilla.family,il,True,ILS,11.0,299.9,3.59,97.75
2026-10-08,com.geozilla.family,ae,True,AED,11.99,344.99,3.26,93.94
2026-10-08,com.geozilla.family,sa,True,SAR,12.99,389.99,3.46,104.0
2026-10-08,com.geozilla.family,qa,True,QAR,10.99,330.0,3.02,90.66
2026-10-08,com.geozilla.family,eg,True,EGP,91.99,4849.99,1.76,92.58
2026-10-08,com.geozilla.family,ma,True,MAD,24.99,1009.99,2.51,101.31
2026-10-08,com.geozilla.family,za,True,ZAR,17.99,1799.99,1.08,108.18
2026-10-08,com.geozilla.family,ng,True,NGN,1500.0,139000.0,1.13,104.5
2026-10-08,com.geozilla.family,ke,True,KES,15.99,13000.0,0.12,100.3
2026-10-08,com.geozilla.family,in,True,INR,179.0,9400.0,1.85,97.08
2026-10-08,com.geozilla.family,pk,True,PKR,799.0,25300.0,2.88,91.31
2026-10-08,com.geozilla.family,bd,True,BDT,289.0,9900.0,2.35,80.48
2026-10-08,com.geozilla.family,id,True,IDR,32000.0,1490000.0,1.79,83.35
2026-10-08,com.geozilla.family,my,True,MYR,8.99,409.99,2.2,100.3
2026-10-08,com.geozilla.family,th,True,THB,110.0,2500.0,3.27,74.27
2026-10-08,com.geozilla.family,vn,True,VND,66000.0,2350000.0,2.54,90.55
2026-10-08,com.geozilla.family,ph,True,PHP,139.0,5900.0,2.21,93.94
2026-10-08,com.geozilla.family,sg,True,SGD,4.48,129.98,3.5,101.57
2026-10-08,com.geozilla.family,jp,True,JPY,410.0,12100.0,2.59,76.53
2026-10-08,com.geozilla.family,kr,True,KRW,4300.0,110000.0,3.21,82.15
2026-10-08,com.geozilla.family,tw,True,TWD,74.99,2920.0,2.35,91.62
2026-10-08,com.geozilla.family,hk,True,HKD,18.99,549.0,2.42,69.96
2026-10-08,com.geozilla.family,au,True,AUD,4.99,109.99,3.47,76.58
2026-10-08,com.geozilla.family,nz,True,NZD,5.49,139.99,3.07,78.39
2026-10-08,com.geozilla.family,kz,True,KZT,1199.0,52990.0,2.68,118.49
2026-10-08,com.geozilla.family,rs,True,RSD,269.0,10999.0,2.57,104.9
2026-10-08,com.sygic.familywhere.android,us,True,USD,2.99,59.99,2.99,59.99
2026-10-08,com.sygic.familywhere.android,ca,True,CAD,3.89,81.99,2.73,57.56
2026-10-08,com.sygic.familywhere.android,mx,True,MXN,69.0,1449.0,3.83,80.47
2026-10-08,com.sygic.familywhere.android,br,True,BRL,14.99,329.99,3.0,65.96
2026-10-08,com.sygic.familywhere.android,ar,True,ARS,4455.1,89685.05,2.93,58.98
2026-10-08,com.sygic.familywhere.android,cl,True,CLP,3300.0,67000.0,3.39,68.76
2026-10-08,com.sygic.familywhere.android,co,True,COP,13000.0,265000.0,4.02,81.87
2026-10-08,com.sygic.familywhere.android,pe,True,PEN,11.99,234.99,3.48,68.25
2026-10-08,com.sygic.familywhere.android,gb,True,GBP,2.99,60.99,3.95,80.62
2026-10-08,com.sygic.familywhere.android,ie,True,EUR,3.69,74.99,4.13,83.98
2026-10-08,com.sygic.familywhere.android,de,True,EUR,3.59,69.99,4.02,78.38
2026-10-08,com.sygic.familywhere.android,fr,True,EUR,3.59,74.99,4.02,83.98
2026-10-08,com.sygic.familywhere.android,es,True,EUR,3.59,74.99,4.02,83.98
2026-10-08,com.sygic.familywhere.android,it,True,EUR,3.69,74.99,4.13,83.98
2026-10-08,com.sygic.familywhere.android,nl,True,EUR,3.59,74.99,4.02,83.98
2026-10-08,com.sygic.familywhere.android,be,True,EUR,3.59,74.99,4.02,83.98
2026-10-08,com.sygic.familywhere.android,at,True,EUR,3.59,74.99,4.02,83.98
2026-10-08,com.sygic.familywhere.android,pt,True,EUR,3.69,74.99,4.13,83.98
2026-10-08,com.sygic.familywhere.android,fi,True,EUR,3.69,74.99,4.13,83.98
2026-10-08,com.sygic.familywhere.android,gr,True,EUR,3.69,74.99,4.13,83.98
2026-10-08,com.sygic.familywhere.android,sk,True,EUR,3.59,74.99,4.02,83.98
2026-10-08,com.sygic.familywhere.android,si,True,EUR,3.69,74.99,4.13,83.98
2026-10-08,com.sygic.familywhere.android,ee,True,EUR,3.59,74.99,4.02,83.98
2026-10-08,com.sygic.familywhere.android,lv,True,EUR,3.59,74.99,4.02,83.98
2026-10-08,com.sygic.familywhere.android,lt,True,EUR,3.59,74.99,4.02,83.98
2026-10-08,com.sygic.familywhere.android,hr,True,EUR,3.72,75.52,4.17,84.57
2026-10-08,com.sygic.familywhere.android,bg,True,EUR,3.57,71.58,4.0,80.16
2026-10-08,com.sygic.familywhere.android,pl,True,PLN,17.99,354.99,4.6,90.77
2026-10-08,com.sygic.familywhere.android,cz,True,CZK,89.99,1799.99,4.13,82.53
2026-10-08,com.sygic.familywhere.android,hu,True,HUF,1590.0,31499.0,4.86,96.34
2026-10-08,com.sygic.familywhere.android,ro,True,RON,16.99,349.99,3.55,73.21
2026-10-08,com.sygic.familywhere.android,se,True,SEK,40.0,809.0,4.0,80.81
2026-10-08,com.sygic.familywhere.android,no,True,NOK,37.0,829.0,3.86,86.58
2026-10-08,com.sygic.familywhere.android,dk,True,DKK,28.0,559.0,4.19,83.65
2026-10-08,com.sygic.familywhere.android,ch,True,CHF,2.9,60.0,3.48,72.02
2026-10-08,com.sygic.familywhere.android,ua,True,UAH,129.99,3149.99,2.89,70.13
2026-10-08,com.sygic.familywhere.android,tr,True,TRY,63.99,3269.99,1.3,66.44
2026-10-08,com.sygic.familywhere.android,il,True,ILS,9.8,225.0,3.19,73.34
2026-10-08,com.sygic.familywhere.android,ae,True,AED,11.99,229.99,3.26,62.62
2026-10-08,com.sygic.familywhere.android,sa,True,SAR,12.99,259.99,3.46,69.33
2026-10-08,com.sygic.familywhere.android,qa,True,QAR,11.0,220.0,3.02,60.44
2026-10-08,com.sygic.familywhere.android,eg,True,EGP,56.99,3599.99,1.09,68.72
2026-10-08,com.sygic.familywhere.android,ma,True,MAD,37.99,759.99,3.81,76.23
2026-10-08,com.sygic.familywhere.android,za,True,ZAR,58.99,1249.99,3.55,75.12
2026-10-08,com.sygic.familywhere.android,ng,True,NGN,1360.0,106000.0,1.02,79.69
2026-10-08,com.sygic.familywhere.android,ke,True,KES,400.0,9200.0,3.09,70.98
2026-10-08,com.sygic.familywhere.android,in,True,INR,280.0,6800.0,2.89,70.23
2026-10-08,com.sygic.familywhere.android,pk,True,PKR,650.0,16800.0,2.35,60.63
2026-10-08,com.sygic.familywhere.android,bd,True,BDT,290.0,8500.0,2.36,69.1
2026-10-08,com.sygic.familywhere.android,id,True,IDR,44000.0,1090000.0,2.46,60.98
2026-10-08,com.sygic.familywhere.android,my,True,MYR,12.99,304.99,3.18,74.61
2026-10-08,com.sygic.familywhere.android,th,True,THB,110.0,2350.0,3.27,69.82
2026-10-08,com.sygic.familywhere.android,vn,True,VND,70000.0,1600000.0,2.7,61.65
2026-10-08,com.sygic.familywhere.android,ph,True,PHP,169.0,4150.0,2.69,66.07
2026-10-08,com.sygic.familywhere.android,sg,True,SGD,4.48,89.98,3.5,70.31
2026-10-08,com.sygic.familywhere.android,jp,True,JPY,410.0,10500.0,2.59,66.41
2026-10-08,com.sygic.familywhere.android,kr,True,KRW,4400.0,99000.0,3.29,73.93
2026-10-08,com.sygic.familywhere.android,tw,True,TWD,94.0,2080.0,2.95,65.27
2026-10-08,com.sygic.familywhere.android,hk,True,HKD,23.0,469.0,2.93,59.76
2026-10-08,com.sygic.familywhere.android,au,True,AUD,4.79,99.99,3.33,69.62
2026-10-08,com.sygic.familywhere.android,nz,True,NZD,5.49,124.99,3.07,69.99
2026-10-08,com.sygic.familywhere.android,kz,True,KZT,1590.0,34990.0,3.56,78.24
2026-10-08,com.sygic.familywhere.android,rs,True,RSD,399.0,8499.0,3.81,81.06
2026-10-08,net.familo.android,us,True,USD,2.99,89.99,2.99,89.99
2026-10-08,net.familo.android,ca,True,CAD,4.09,124.99,2.87,87.75
2026-10-08,net.familo.android,mx,True,MXN,59.0,1799.0,3.28,99.91
2026-10-08,net.familo.android,br,True,BRL,14.99,374.99,3.0,74.96
2026-10-08,net.familo.android,ar,True,ARS,4470.05,89685.05,2.94,58.98
2026-10-08,net.familo.android,cl,True,CLP,3400.0,69000.0,3.49,70.81
2026-10-08,net.familo.android,co,True,COP,11500.0,318000.0,3.55,98.24
2026-10-08,net.familo.android,pe,True,PEN,10.99,309.99,3.19,90.03
2026-10-08,net.familo.android,gb,True,GBP,2.89,89.99,3.82,118.95
2026-10-08,net.familo.android,ie,True,EUR,3.39,104.99,3.8,117.58
2026-10-08,net.familo.android,de,True,EUR,3.29,99.99,3.68,111.98
2026-10-08,net.familo.android,fr,True,EUR,3.39,99.99,3.8,111.98
2026-10-08,net.familo.android,es,True,EUR,3.39,99.99,3.8,111.98
2026-10-08,net.familo.android,it,True,EUR,3.39,104.99,3.8,117.58
2026-10-08,net.familo.android,nl,True,EUR,3.39,99.99,3.8,111.98
2026-10-08,net.familo.android,be,True,EUR,3.39,99.99,3.8,111.98
2026-10-08,net.familo.android,at,True,EUR,3.39,99.99,3.8,111.98
2026-10-08,net.familo.android,pt,True,EUR,3.39,104.99,3.8,117.58
2026-10-08,net.familo.android,fi,True,EUR,3.49,104.99,3.91,117.58
2026-10-08,net.familo.android,gr,True,EUR,3.49,104.99,3.91,117.58
2026-10-08,net.familo.android,sk,True,EUR,3.39,99.99,3.8,111.98
2026-10-08,net.familo.android,si,True,EUR,3.39,104.99,3.8,117.58
2026-10-08,net.familo.android,ee,True,EUR,3.39,99.99,3.8,111.98
2026-10-08,net.familo.android,lv,True,EUR,3.39,99.99,3.8,111.98
2026-10-08,net.familo.android,lt,True,EUR,3.39,99.99,3.8,111.98
2026-10-08,net.familo.android,hr,True,EUR,3.49,103.39,3.91,115.78
2026-10-08,net.familo.android,bg,True,EUR,3.32,99.7,3.72,111.65
2026-10-08,net.familo.android,pl,True,PLN,14.99,444.99,3.83,113.79
2026-10-08,net.familo.android,cz,True,CZK,84.99,2599.99,3.9,119.21
2026-10-08,net.familo.android,hu,True,HUF,1390.0,35499.0,4.25,108.58
2026-10-08,net.familo.android,ro,True,RON,15.99,474.99,3.34,99.35
2026-10-08,net.familo.android,se,True,SEK,40.0,1149.0,4.0,114.77
2026-10-08,net.familo.android,no,True,NOK,40.0,1049.0,4.18,109.55
2026-10-08,net.familo.android,dk,True,DKK,26.0,789.0,3.89,118.06
2026-10-08,net.familo.android,ch,True,CHF,2.7,90.0,3.24,108.03
2026-10-08,net.familo.android,ua,True,UAH,139.0,3199.99,3.09,71.24
2026-10-08,net.familo.android,tr,True,TRY,88.99,3399.99,1.81,69.08
2026-10-08,net.familo.android,il,True,ILS,11.0,325.0,3.59,105.94
2026-10-08,net.familo.android,ae,True,AED,11.99,354.99,3.26,96.66
2026-10-08,net.familo.android,sa,True,SAR,12.99,364.99,3.46,97.33
2026-10-08,net.familo.android,qa,True,QAR,11.0,340.0,3.02,93.41
2026-10-08,net.familo.android,eg,True,EGP,119.99,3599.99,2.29,68.72
2026-10-08,net.familo.android,ma,True,MAD,35.99,889.99,3.61,89.27
2026-10-08,net.familo.android,za,True,ZAR,64.99,1599.99,3.91,96.16
2026-10-08,net.familo.android,ng,True,NGN,1980.0,106000.0,1.49,79.69
2026-10-08,net.familo.android,ke,True,KES,500.0,9600.0,3.86,74.07
2026-10-08,net.familo.android,in,True,INR,290.0,7700.0,2.99,79.52
2026-10-08,net.familo.android,pk,True,PKR,820.0,16800.0,2.96,60.63
2026-10-08,net.familo.android,bd,True,BDT,390.0,8500.0,3.17,69.1
2026-10-08,net.familo.android,id,True,IDR,47000.0,1306411.0,2.63,73.08
2026-10-08,net.familo.android,my,True,MYR,12.99,384.99,3.18,94.18
2026-10-08,net.familo.android,th,True,THB,110.0,2800.0,3.27,83.19
2026-10-08,net.familo.android,vn,True,VND,75000.0,2150000.0,2.89,82.84
2026-10-08,net.familo.android,ph,True,PHP,169.0,4800.0,2.69,76.42
2026-10-08,net.familo.android,sg,True,SGD,4.48,129.98,3.5,101.57
2026-10-08,net.familo.android,jp,True,JPY,460.0,10800.0,2.91,68.31
2026-10-08,net.familo.android,kr,True,KRW,4500.0,120000.0,3.36,89.61
2026-10-08,net.familo.android,tw,True,TWD,100.0,2990.0,3.14,93.82
2026-10-08,net.familo.android,hk,True,HKD,23.0,719.0,2.93,91.62
2026-10-08,net.familo.android,au,True,AUD,4.99,149.99,3.47,104.43
2026-10-08,net.familo.android,nz,True,NZD,5.49,169.99,3.07,95.19
2026-10-08,net.familo.android,kz,True,KZT,1490.0,35990.0,3.33,80.48
2026-10-08,net.familo.android,rs,True,RSD,399.0,11999.0,3.81,114.44
2026-10-08,com.gpstracker.misky.phone,us,True,,,,,
2026-10-08,com.gpstracker.misky.phone,ca,True,,,,,
2026-10-08,com.gpstracker.misky.phone,mx,True,,,,,
2026-10-08,com.gpstracker.misky.phone,br,True,,,,,
2026-10-08,com.gpstracker.misky.phone,ar,True,,,,,
2026-10-08,com.gpstracker.misky.phone,cl,True,,,,,
2026-10-08,com.gpstracker.misky.phone,co,True,,,,,
2026-10-08,com.gpstracker.misky.phone,pe,True,,,,,
2026-10-08,com.gpstracker.misky.phone,gb,True,,,,,
2026-10-08,com.gpstracker.misky.phone,ie,True,,,,,
2026-10-08,com.gpstracker.misky.phone,de,True,,,,,
2026-10-08,com.gpstracker.misky.phone,fr,True,,,,,
2026-10-08,com.gpstracker.misky.phone,es,True,,,,,
2026-10-08,com.gpstracker.misky.phone,it,True,,,,,
2026-10-08,com.gpstracker.misky.phone,nl,True,,,,,
2026-10-08,com.gpstracker.misky.phone,be,True,,,,,
2026-10-08,com.gpstracker.misky.phone,at,True,,,,,
2026-10-08,com.gpstracker.misky.phone,pt,True,,,,,
2026-10-08,com.gpstracker.misky.phone,fi,True,,,,,
2026-10-08,com.gpstracker.misky.phone,gr,True,,,,,
2026-10-08,com.gpstracker.misky.phone,sk,True,,,,,
2026-10-08,com.gpstracker.misky.phone,si,True,,,,,
2026-10-08,com.gpstracker.misky.phone,ee,True,,,,,
2026-10-08,com.gpstracker.misky.phone,lv,True,,,,,
2026-10-08,com.gpstracker.misky.phone,lt,True,,,,,
2026-10-08,com.gpstracker.misky.phone,hr,True,,,,,
2026-10-08,com.gpstracker.misky.phone,bg,True,,,,,
2026-10-08,com.gpstracker.misky.phone,pl,True,,,,,
2026-10-08,com.gpstracker.misky.phone,cz,True,,,,,
2026-10-08,com.gpstracker.misky.phone,hu,True,,,,,
2026-10-08,com.gpstracker.misky.phone,ro,True,,,,,
2026-10-08,com.gpstracker.misky.phone,se,True,,,,,
2026-10-08,com.gpstracker.misky.phone,no,True,,,,,
2026-10-08,com.gpstracker.misky.phone,dk,True,,,,,
2026-10-08,com.gpstracker.misky.phone,ch,True,,,,,
2026-10-08,com.gpstracker.misky.phone,ua,True,,,,,
2026-10-08,com.gpstracker.misky.phone,tr,True,,,,,
2026-10-08,com.gpstracker.misky.phone,il,True,,,,,
2026-10-08,com.gpstracker.misky.phone,ae,True,,,,,
2026-10-08,com.gpstracker.misky.phone,sa,True,,,,,
2026-10-08,com.gpstracker.misky.phone,qa,True,,,,,
2026-10-08,com.gpstracker.misky.phone,eg,True,,,,,
2026-10-08,com.gpstracker.misky.phone,ma,True,,,,,
2026-10-08,com.gpstracker.misky.phone,za,True,,,,,
2026-10-08,com.gpstracker.misky.phone,ng,True,,,,,
2026-10-08,com.gpstracker.misky.phone,ke,True,,,,,
2026-10-08,com.gpstracker.misky.phone,in,True,,,,,
2026-10-08,com.gpstracker.misky.phone,pk,True,,,,,
2026-10-08,com.gpstracker.misky.phone,bd,True,,,,,
2026-10-08,com.gpstracker.misky.phone,id,True,,,,,
2026-10-08,com.gpstracker.misky.phone,my,True,,,,,
2026-10-08,com.gpstracker.misky.phone,th,True,,,,,
2026-10-08,com.gpstracker.misky.phone,vn,True,,,,,
2026-10-08,com.gpstracker.misky.phone,ph,True,,,,,
2026-10-08,com.gpstracker.misky.phone,sg,True,,,,,
2026-10-08,com.gpstracker.misky.phone,jp,True,,,,,
2026-10-08,com.gpstracker.misky.phone,kr,True,,,,,
2026-10-08,com.gpstracker.misky.phone,tw,True,,,,,
2026-10-08,com.gpstracker.misky.phone,hk,True,,,,,
2026-10-08,com.gpstracker.misky.phone,au,True,,,,,
2026-10-08,com.gpstracker.misky.phone,nz,True,,,,,
2026-10-08,com.gpstracker.misky.phone,kz,True,,,,,
2026-10-08,com.gpstracker.misky.phone,rs,True,,,,,
2026-10-08,net.zenrindatacom.itsmodelivery,us,True,USD,11.99,11.99,11.99,11.99
2026-10-08,net.zenrindatacom.itsmodelivery,ca,True,CAD,14.99,14.99,10.52,10.52
2026-10-08,net.zenrindatacom.itsmodelivery,mx,True,MXN,275.0,275.0,15.27,15.27
2026-10-08,net.zenrindatacom.itsmodelivery,br,True,BRL,57.99,57.99,11.59,11.59
2026-10-08,net.zenrindatacom.itsmodelivery,ar,True,ARS,17252.3,17252.3,11.34,11.34
2026-10-08,net.zenrindatacom.itsmodelivery,cl,True,CLP,11600.0,11600.0,11.9,11.9
2026-10-08,net.zenrindatacom.itsmodelivery,co,True,COP,46000.0,46000.0,14.21,14.21
2026-10-08,net.zenrindatacom.itsmodelivery,pe,True,PEN,50.0,50.0,14.52,14.52
2026-10-08,net.zenrindatacom.itsmodelivery,gb,True,GBP,10.99,10.99,14.53,14.53
2026-10-08,net.zenrindatacom.itsmodelivery,ie,True,EUR,12.99,12.99,14.55,14.55
2026-10-08,net.zenrindatacom.itsmodelivery,de,True,EUR,12.99,12.99,14.55,14.55
2026-10-08,net.zenrindatacom.itsmodelivery,fr,True,EUR,12.99,12.99,14.55,14.55
2026-10-08,net.zenrindatacom.itsmodelivery,es,True,EUR,12.99,12.99,14.55,14.55
2026-10-08,net.zenrindatacom.itsmodelivery,it,True,EUR,12.99,12.99,14.55,14.55
2026-10-08,net.zenrindatacom.itsmodelivery,nl,True,EUR,12.99,12.99,14.55,14.55
2026-10-08,net.zenrindatacom.itsmodelivery,be,True,EUR,12.99,12.99,14.55,14.55
2026-10-08,net.zenrindatacom.itsmodelivery,at,True,EUR,12.99,12.99,14.55,14.55
2026-10-08,net.zenrindatacom.itsmodelivery,pt,True,EUR,12.99,12.99,14.55,14.55
2026-10-08,net.zenrindatacom.itsmodelivery,fi,True,EUR,13.99,13.99,15.67,15.67
2026-10-08,net.zenrindatacom.itsmodelivery,gr,True,EUR,13.99,13.99,15.67,15.67
2026-10-08,net.zenrindatacom.itsmodelivery,sk,True,EUR,12.99,12.99,14.55,14.55
2026-10-08,net.zenrindatacom.itsmodelivery,si,True,EUR,12.99,12.99,14.55,14.55
2026-10-08,net.zenrindatacom.itsmodelivery,ee,True,EUR,12.99,12.99,14.55,14.55
2026-10-08,net.zenrindatacom.itsmodelivery,lv,True,EUR,12.99,12.99,14.55,14.55
2026-10-08,net.zenrindatacom.itsmodelivery,lt,True,EUR,12.99,12.99,14.55,14.55
2026-10-08,net.zenrindatacom.itsmodelivery,hr,True,EUR,13.94,13.94,15.61,15.61
2026-10-08,net.zenrindatacom.itsmodelivery,bg,True,EUR,13.29,13.29,14.88,14.88
2026-10-08,net.zenrindatacom.itsmodelivery,pl,True,PLN,62.99,62.99,16.11,16.11
2026-10-08,net.zenrindatacom.itsmodelivery,cz,True,CZK,319.99,319.99,14.67,14.67
2026-10-08,net.zenrindatacom.itsmodelivery,hu,True,HUF,5199.0,5199.0,15.9,15.9
2026-10-08,net.zenrindatacom.itsmodelivery,ro,True,RON,64.99,64.99,13.59,13.59
2026-10-08,net.zenrindatacom.itsmodelivery,se,True,SEK,139.0,139.0,13.88,13.88
2026-10-08,net.zenrindatacom.itsmodelivery,no,True,NOK,135.0,135.0,14.1,14.1
2026-10-08,net.zenrindatacom.itsmodelivery,dk,True,DKK,99.0,99.0,14.81,14.81
2026-10-08,net.zenrindatacom.itsmodelivery,ch,True,CHF,11.0,11.0,13.2,13.2
2026-10-08,net.zenrindatacom.itsmodelivery,ua,True,UAH,409.99,409.99,9.13,9.13
2026-10-08,net.zenrindatacom.itsmodelivery,tr,True,TRY,199.99,199.99,4.06,4.06
2026-10-08,net.zenrindatacom.itsmodelivery,il,True,ILS,38.0,38.0,12.39,12.39
2026-10-08,net.zenrindatacom.itsmodelivery,ae,True,AED,43.99,43.99,11.98,11.98
2026-10-08,net.zenrindatacom.itsmodelivery,sa,True,SAR,49.99,49.99,13.33,13.33
2026-10-08,net.zenrindatacom.itsmodelivery,qa,True,QAR,42.0,42.0,11.54,11.54
2026-10-08,net.zenrindatacom.itsmodelivery,eg,True,EGP,209.99,209.99,4.01,4.01
2026-10-08,net.zenrindatacom.itsmodelivery,ma,True,MAD,139.99,139.99,14.04,14.04
2026-10-08,net.zenrindatacom.itsmodelivery,za,True,ZAR,209.99,209.99,12.62,12.62
2026-10-08,net.zenrindatacom.itsmodelivery,ng,True,NGN,5160.0,5160.0,3.88,3.88
2026-10-08,net.zenrindatacom.itsmodelivery,ke,True,KES,1500.0,1500.0,11.57,11.57
2026-10-08,net.zenrindatacom.itsmodelivery,in,True,INR,1050.0,1050.0,10.84,10.84
2026-10-08,net.zenrindatacom.itsmodelivery,pk,True,PKR,2150.0,2150.0,7.76,7.76
2026-10-08,net.zenrindatacom.itsmodelivery,bd,True,BDT,1000.0,1000.0,8.13,8.13
2026-10-08,net.zenrindatacom.itsmodelivery,id,True,IDR,169000.0,169000.0,9.45,9.45
2026-10-08,net.zenrindatacom.itsmodelivery,my,True,MYR,52.99,52.99,12.96,12.96
2026-10-08,net.zenrindatacom.itsmodelivery,th,True,THB,425.0,425.0,12.63,12.63
2026-10-08,net.zenrindatacom.itsmodelivery,vn,True,VND,306000.0,306000.0,11.79,11.79
2026-10-08,net.zenrindatacom.itsmodelivery,ph,True,PHP,600.0,600.0,9.55,9.55
2026-10-08,net.zenrindatacom.itsmodelivery,sg,True,SGD,16.99,16.99,13.28,13.28
2026-10-08,net.zenrindatacom.itsmodelivery,jp,True,JPY,1800.0,1800.0,11.39,11.39
2026-10-08,net.zenrindatacom.itsmodelivery,kr,True,KRW,16000.0,16000.0,11.95,11.95
2026-10-08,net.zenrindatacom.itsmodelivery,tw,True,TWD,360.0,360.0,11.3,11.3
2026-10-08,net.zenrindatacom.itsmodelivery,hk,True,HKD,90.9,90.9,11.58,11.58
2026-10-08,net.zenrindatacom.itsmodelivery,au,True,AUD,17.99,17.99,12.53,12.53
2026-10-08,net.zenrindatacom.itsmodelivery,nz,True,NZD,19.99,19.99,11.19,11.19
2026-10-08,net.zenrindatacom.itsmodelivery,kz,True,KZT,5190.0,5190.0,11.61,11.61
2026-10-08,net.zenrindatacom.itsmodelivery,rs,True,RSD,1499.0,1499.0,14.3,14.3
2026-10-08,com.mspy.lite,us,True,USD,0.99,199.99,0.99,199.99
2026-10-08,com.mspy.lite,ca,True,CAD,1.29,249.99,0.91,175.52
2026-10-08,com.mspy.lite,mx,True,MXN,18.0,4749.0,1.0,263.74
2026-10-08,com.mspy.lite,br,True,BRL,3.19,999.99,0.64,199.89
2026-10-08,com.mspy.lite,ar,True,ARS,1375.4,159785.6,0.9,105.07
2026-10-08,com.mspy.lite,cl,True,CLP,640.0,190000.0,0.66,194.99
2026-10-08,com.mspy.lite,co,True,COP,3000.0,760000.0,0.93,234.8
2026-10-08,com.mspy.lite,pe,True,PEN,3.29,749.99,0.96,217.81
2026-10-08,com.mspy.lite,gb,True,GBP,0.89,179.99,1.18,237.91
2026-10-08,com.mspy.lite,ie,True,EUR,1.09,219.99,1.22,246.36
2026-10-08,com.mspy.lite,de,True,EUR,1.09,214.99,1.22,240.76
2026-10-08,com.mspy.lite,fr,True,EUR,1.09,214.99,1.22,240.76
2026-10-08,com.mspy.lite,es,True,EUR,1.09,214.99,1.22,240.76
2026-10-08,com.mspy.lite,it,True,EUR,1.09,219.99,1.22,246.36
2026-10-08,com.mspy.lite,nl,True,EUR,1.09,214.99,1.22,240.76
2026-10-08,com.mspy.lite,be,True,EUR,1.09,214.99,1.22,240.76
2026-10-08,com.mspy.lite,at,True,EUR,1.09,214.99,1.22,240.76
2026-10-08,com.mspy.lite,pt,True,EUR,1.09,219.99,1.22,246.36
2026-10-08,com.mspy.lite,fi,True,EUR,1.09,219.99,1.22,246.36
2026-10-08,com.mspy.lite,gr,True,EUR,1.09,219.99,1.22,246.36
2026-10-08,com.mspy.lite,sk,True,EUR,1.09,214.99,1.22,240.76
2026-10-08,com.mspy.lite,si,True,EUR,1.09,219.99,1.22,246.36
2026-10-08,com.mspy.lite,ee,True,EUR,1.09,214.99,1.22,240.76
2026-10-08,com.mspy.lite,lv,True,EUR,1.09,214.99,1.22,240.76
2026-10-08,com.mspy.lite,lt,True,EUR,1.09,214.99,1.22,240.76
2026-10-08,com.mspy.lite,hr,True,EUR,1.19,225.5,1.33,252.53
2026-10-08,com.mspy.lite,bg,True,EUR,1.07,214.74,1.2,240.48
2026-10-08,com.mspy.lite,pl,True,PLN,4.79,1029.99,1.22,263.38
2026-10-08,com.mspy.lite,cz,True,CZK,28.99,5399.99,1.33,247.59
2026-10-08,com.mspy.lite,hu,True,HUF,359.0,84499.0,1.1,258.45
2026-10-08,com.mspy.lite,ro,True,RON,4.79,1049.99,1.0,219.62
2026-10-08,com.mspy.lite,se,True,SEK,11.0,2349.0,1.1,234.63
2026-10-08,com.mspy.lite,no,True,NOK,10.0,2199.0,1.04,229.66
2026-10-08,com.mspy.lite,dk,True,DKK,8.0,1649.0,1.2,246.75
2026-10-08,com.mspy.lite,ch,True,CHF,1.0,190.0,1.2,228.07
2026-10-08,com.mspy.lite,ua,True,UAH,2.0,7199.99,0.04,160.29
2026-10-08,com.mspy.lite,tr,True,TRY,3.09,5119.99,0.06,104.02
2026-10-08,com.mspy.lite,il,True,ILS,3.8,649.9,1.24,211.84
2026-10-08,com.mspy.lite,ae,True,AED,3.59,769.99,0.98,209.66
2026-10-08,com.mspy.lite,sa,True,SAR,3.69,859.99,0.98,229.33
2026-10-08,com.mspy.lite,qa,True,QAR,3.5,725.0,0.96,199.18
2026-10-08,com.mspy.lite,eg,True,EGP,8.79,5399.99,0.17,103.08
2026-10-08,com.mspy.lite,ma,True,MAD,9.69,1949.99,0.97,195.59
2026-10-08,com.mspy.lite,za,True,ZAR,13.99,3399.99,0.84,204.33
2026-10-08,com.mspy.lite,ng,True,NGN,290.0,156000.0,0.22,117.27
2026-10-08,com.mspy.lite,ke,True,KES,200.0,26000.0,1.54,200.6
2026-10-08,com.mspy.lite,in,True,INR,65.0,17800.0,0.67,183.83
2026-10-08,com.mspy.lite,pk,True,PKR,110.0,35800.0,0.4,129.2
2026-10-08,com.mspy.lite,bd,True,BDT,80.0,17000.0,0.65,138.2
2026-10-08,com.mspy.lite,id,True,IDR,13000.0,2848163.0,0.73,159.33
2026-10-08,com.mspy.lite,my,True,MYR,3.99,889.99,0.98,217.73
2026-10-08,com.mspy.lite,th,True,THB,35.0,7075.0,1.04,210.19
2026-10-08,com.mspy.lite,vn,True,VND,22000.0,4550000.0,0.85,175.32
2026-10-08,com.mspy.lite,ph,True,PHP,47.0,10400.0,0.75,165.58
2026-10-08,com.mspy.lite,sg,True,SGD,1.48,289.98,1.16,226.6
2026-10-08,com.mspy.lite,jp,True,JPY,110.0,23600.0,0.7,149.27
2026-10-08,com.mspy.lite,kr,True,KRW,1100.0,270000.0,0.82,201.63
2026-10-08,com.mspy.lite,tw,True,TWD,32.0,5930.0,1.0,186.07
2026-10-08,com.mspy.lite,hk,True,HKD,8.0,1558.0,1.02,198.53
2026-10-08,com.mspy.lite,au,True,AUD,1.29,269.99,0.9,187.98
2026-10-08,com.mspy.lite,nz,True,NZD,1.39,334.99,0.78,187.59
2026-10-08,com.mspy.lite,kz,True,KZT,340.0,100990.0,0.76,225.82
2026-10-08,com.mspy.lite,rs,True,RSD,99.0,24999.0,0.94,238.43
2026-10-08,com.life360.android.safetymapd,us,True,USD,1.49,249.99,1.49,249.99
2026-10-08,com.life360.android.safetymapd,ca,True,CAD,1.99,349.99,1.4,245.72
2026-10-08,com.life360.android.safetymapd,mx,True,MXN,28.0,5599.0,1.55,310.94
2026-10-08,com.life360.android.safetymapd,br,True,BRL,4.69,1399.99,0.94,279.84
2026-10-08,com.life360.android.safetymapd,ar,True,ARS,2242.5,373735.05,1.47,245.76
2026-10-08,com.life360.android.safetymapd,cl,True,CLP,990.0,281000.0,1.02,288.37
2026-10-08,com.life360.android.safetymapd,co,True,COP,4500.0,1050000.0,1.39,324.39
2026-10-08,com.life360.android.safetymapd,pe,True,PEN,4.89,939.99,1.42,272.99
2026-10-08,com.life360.android.safetymapd,gb,True,GBP,1.39,224.99,1.84,297.39
2026-10-08,com.life360.android.safetymapd,ie,True,EUR,1.69,274.99,1.89,307.96
2026-10-08,com.life360.android.safetymapd,de,True,EUR,1.59,264.99,1.78,296.76
2026-10-08,com.life360.android.safetymapd,fr,True,EUR,1.59,269.99,1.78,302.36
2026-10-08,com.life360.android.safetymapd,es,True,EUR,1.69,269.99,1.89,302.36
2026-10-08,com.life360.android.safetymapd,it,True,EUR,1.69,274.99,1.89,307.96
2026-10-08,com.life360.android.safetymapd,nl,True,EUR,1.69,269.99,1.89,302.36
2026-10-08,com.life360.android.safetymapd,be,True,EUR,1.69,599.0,1.89,670.81
2026-10-08,com.life360.android.safetymapd,at,True,EUR,1.59,269.99,1.78,302.36
2026-10-08,com.life360.android.safetymapd,pt,True,EUR,1.69,274.99,1.89,307.96
2026-10-08,com.life360.android.safetymapd,fi,True,EUR,1.69,279.99,1.89,313.56
2026-10-08,com.life360.android.safetymapd,gr,True,EUR,1.69,279.99,1.89,313.56
2026-10-08,com.life360.android.safetymapd,sk,True,EUR,1.59,269.99,1.78,302.36
2026-10-08,com.life360.android.safetymapd,si,True,EUR,1.69,274.99,1.89,307.96
2026-10-08,com.life360.android.safetymapd,ee,True,EUR,1.59,274.99,1.78,307.96
2026-10-08,com.life360.android.safetymapd,lv,True,EUR,1.69,269.99,1.89,302.36
2026-10-08,com.life360.android.safetymapd,lt,True,EUR,1.69,269.99,1.89,302.36
2026-10-08,com.life360.android.safetymapd,hr,True,EUR,1.73,279.99,1.94,313.56
2026-10-08,com.life360.android.safetymapd,bg,True,EUR,1.63,270.98,1.83,303.47
2026-10-08,com.life360.android.safetymapd,pl,True,PLN,7.09,1179.99,1.81,301.73
2026-10-08,com.life360.android.safetymapd,cz,True,CZK,44.99,6799.99,2.06,311.78
2026-10-08,com.life360.android.safetymapd,hu,True,HUF,499.0,112999.0,1.53,345.63
2026-10-08,com.life360.android.safetymapd,ro,True,RON,7.49,1349.99,1.57,282.37
2026-10-08,com.life360.android.safetymapd,se,True,SEK,16.0,3199.0,1.6,319.53
2026-10-08,com.life360.android.safetymapd,no,True,NOK,16.0,3299.0,1.67,344.54
2026-10-08,com.life360.android.safetymapd,dk,True,DKK,13.0,2099.0,1.95,314.08
2026-10-08,com.life360.android.safetymapd,ch,True,CHF,1.5,210.0,1.8,252.07
2026-10-08,com.life360.android.safetymapd,ua,True,UAH,30.99,12449.99,0.69,277.17
2026-10-08,com.life360.android.safetymapd,tr,True,TRY,5.39,11649.99,0.11,236.7
2026-10-08,com.life360.android.safetymapd,il,True,ILS,5.5,1790.0,1.79,583.46
2026-10-08,com.life360.android.safetymapd,ae,True,AED,5.49,959.99,1.49,261.4
2026-10-08,com.life360.android.safetymapd,sa,True,SAR,5.59,1099.99,1.49,293.33
2026-10-08,com.life360.android.safetymapd,qa,True,QAR,5.5,910.0,1.51,250.0
2026-10-08,com.life360.android.safetymapd,eg,True,EGP,15.58,14199.99,0.3,271.07
2026-10-08,com.life360.android.safetymapd,ma,True,MAD,14.99,2919.99,1.5,292.89
2026-10-08,com.life360.android.safetymapd,za,True,ZAR,19.99,5149.99,1.2,309.51
2026-10-08,com.life360.android.safetymapd,ng,True,NGN,394.12,441000.0,0.3,331.53
2026-10-08,com.life360.android.safetymapd,ke,True,KES,200.0,37000.0,1.54,285.46
2026-10-08,com.life360.android.safetymapd,in,True,INR,95.0,25300.0,0.98,261.28
2026-10-08,com.life360.android.safetymapd,pk,True,PKR,160.0,99000.0,0.58,357.29
2026-10-08,com.life360.android.safetymapd,bd,True,BDT,9.99,35000.0,0.08,284.53
2026-10-08,com.life360.android.safetymapd,id,True,IDR,20000.0,4090000.0,1.12,228.8
2026-10-08,com.life360.android.safetymapd,my,True,MYR,6.49,1159.99,1.59,283.78
2026-10-08,com.life360.android.safetymapd,th,True,THB,7.99,8900.0,0.24,264.41
2026-10-08,com.life360.android.safetymapd,vn,True,VND,34000.0,6500000.0,1.31,250.45
2026-10-08,com.life360.android.safetymapd,ph,True,PHP,75.0,13950.0,1.19,222.1
2026-10-08,com.life360.android.safetymapd,sg,True,SGD,1.99,349.99,1.56,273.5
2026-10-08,com.life360.android.safetymapd,jp,True,JPY,170.0,39700.0,1.08,251.11
2026-10-08,com.life360.android.safetymapd,kr,True,KRW,1700.0,380000.0,1.27,283.77
2026-10-08,com.life360.android.safetymapd,tw,True,TWD,45.0,8400.0,1.41,263.58
2026-10-08,com.life360.android.safetymapd,hk,True,HKD,13.0,1958.0,1.66,249.5
2026-10-08,com.life360.android.safetymapd,au,True,AUD,1.99,429.99,1.39,299.38
2026-10-08,com.life360.android.safetymapd,nz,True,NZD,2.49,484.99,1.39,271.59
2026-10-08,com.life360.android.safetymapd,kz,True,KZT,470.0,142990.0,1.05,319.74
2026-10-08,com.life360.android.safetymapd,rs,True,RSD,199.0,31999.0,1.9,305.19
2026-10-08,org.findmykids.app,us,True,USD,0.39,999.99,0.39,999.99
2026-10-08,org.findmykids.app,ca,True,CAD,0.29,911.76,0.2,640.14
2026-10-08,org.findmykids.app,mx,True,MXN,4.99,13900.0,0.28,771.94
2026-10-08,org.findmykids.app,br,True,BRL,1.19,2790.9,0.24,557.87
2026-10-08,org.findmykids.app,ar,True,ARS,882.05,1494985.05,0.58,983.08
2026-10-08,org.findmykids.app,cl,True,CLP,240.0,719000.0,0.25,737.87
2026-10-08,org.findmykids.app,co,True,COP,1000.0,2850000.0,0.31,880.49
2026-10-08,org.findmykids.app,pe,True,PEN,0.89,1089.99,0.26,316.56
2026-10-08,org.findmykids.app,gb,True,GBP,0.19,649.99,0.25,859.15
2026-10-08,org.findmykids.app,ie,True,EUR,0.29,719.99,0.32,806.31
2026-10-08,org.findmykids.app,de,True,EUR,0.29,719.99,0.32,806.31
2026-10-08,org.findmykids.app,fr,True,EUR,0.29,719.99,0.32,806.31
2026-10-08,org.findmykids.app,es,True,EUR,0.29,719.99,0.32,806.31
2026-10-08,org.findmykids.app,it,True,EUR,0.29,719.99,0.32,806.31
2026-10-08,org.findmykids.app,nl,True,EUR,0.29,719.99,0.32,806.31
2026-10-08,org.findmykids.app,be,True,EUR,0.29,719.99,0.32,806.31
2026-10-08,org.findmykids.app,at,True,EUR,0.29,719.99,0.32,806.31
2026-10-08,org.findmykids.app,pt,True,EUR,0.29,719.99,0.32,806.31
2026-10-08,org.findmykids.app,fi,True,EUR,0.29,719.99,0.32,806.31
2026-10-08,org.findmykids.app,gr,True,EUR,0.29,719.99,0.32,806.31
2026-10-08,org.findmykids.app,sk,True,EUR,0.29,719.99,0.32,806.31
2026-10-08,org.findmykids.app,si,True,EUR,0.29,719.99,0.32,806.31
2026-10-08,org.findmykids.app,ee,True,EUR,0.29,719.99,0.32,806.31
2026-10-08,org.findmykids.app,lv,True,EUR,0.29,719.99,0.32,806.31
2026-10-08,org.findmykids.app,lt,True,EUR,0.29,719.99,0.32,806.31
2026-10-08,org.findmykids.app,hr,True,EUR,0.27,719.99,0.3,806.31
2026-10-08,org.findmykids.app,bg,True,EUR,0.25,279.99,0.28,313.56
2026-10-08,org.findmykids.app,pl,True,PLN,1.29,3350.99,0.33,856.87
2026-10-08,org.findmykids.app,cz,True,CZK,6.99,18900.99,0.32,866.61
2026-10-08,org.findmykids.app,hu,True,HUF,99.0,309000.0,0.3,945.13
2026-10-08,org.findmykids.app,ro,True,RON,1.29,3690.99,0.27,772.03
2026-10-08,org.findmykids.app,se,True,SEK,3.0,8850.0,0.3,883.98
2026-10-08,org.findmykids.app,no,True,NOK,3.0,9090.0,0.31,949.33
2026-10-08,org.findmykids.app,dk,True,DKK,2.0,5750.0,0.3,860.39
2026-10-08,org.findmykids.app,ch,True,CHF,0.2,575.99,0.24,691.39
2026-10-08,org.findmykids.app,ua,True,UAH,5.0,23900.0,0.11,532.08
2026-10-08,org.findmykids.app,tr,True,TRY,1.79,24900.0,0.04,505.9
2026-10-08,org.findmykids.app,il,True,ILS,0.8,2650.9,0.26,864.07
2026-10-08,org.findmykids.app,ae,True,AED,0.89,2650.99,0.24,721.85
2026-10-08,org.findmykids.app,sa,True,SAR,0.99,1249.99,0.26,333.33
2026-10-08,org.findmykids.app,qa,True,QAR,1.0,1050.0,0.27,288.46
2026-10-08,org.findmykids.app,eg,True,EGP,4.39,14749.99,0.08,281.57
2026-10-08,org.findmykids.app,ma,True,MAD,2.89,8150.99,0.29,817.58
2026-10-08,org.findmykids.app,za,True,ZAR,4.49,6199.99,0.27,372.61
2026-10-08,org.findmykids.app,ng,True,NGN,99.0,769000.0,0.07,578.11
2026-10-08,org.findmykids.app,ke,True,KES,32.09,119000.0,0.25,918.11
2026-10-08,org.findmykids.app,in,True,INR,10.0,64500.0,0.1,666.11
2026-10-08,org.findmykids.app,pk,True,PKR,49.0,185000.0,0.18,667.67
2026-10-08,org.findmykids.app,bd,True,BDT,20.0,83900.0,0.16,682.05
2026-10-08,org.findmykids.app,id,True,IDR,3400.0,9990000.0,0.19,558.86
2026-10-08,org.findmykids.app,my,True,MYR,0.99,3190.99,0.24,780.65
2026-10-08,org.findmykids.app,th,True,THB,9.0,10750.0,0.27,319.38
2026-10-08,org.findmykids.app,vn,True,VND,5500.0,7400000.0,0.21,285.13
2026-10-08,org.findmykids.app,ph,True,PHP,13.0,36900.0,0.21,587.5
2026-10-08,org.findmykids.app,sg,True,SGD,0.48,429.99,0.38,336.01
2026-10-08,org.findmykids.app,jp,True,JPY,30.0,99800.0,0.19,631.24
2026-10-08,org.findmykids.app,kr,True,KRW,300.0,600000.0,0.22,448.06
2026-10-08,org.findmykids.app,tw,True,TWD,7.35,10000.0,0.23,313.78
2026-10-08,org.findmykids.app,hk,True,HKD,1.81,5290.99,0.23,674.22
2026-10-08,org.findmykids.app,au,True,AUD,0.39,1150.99,0.27,801.36
2026-10-08,org.findmykids.app,nz,True,NZD,0.39,1350.99,0.22,756.55
2026-10-08,org.findmykids.app,kz,True,KZT,120.0,349000.0,0.27,780.39
2026-10-08,org.findmykids.app,rs,True,RSD,49.0,38999.0,0.47,371.95
2026-10-08,com.isharing.isharing,us,True,USD,2.99,129.99,2.99,129.99
2026-10-08,com.isharing.isharing,ca,True,CAD,2.99,169.99,2.1,119.35
2026-10-08,com.isharing.isharing,mx,True,MXN,19.9,3049.0,1.11,169.33
2026-10-08,com.isharing.isharing,br,True,BRL,2.99,669.99,0.6,133.92
2026-10-08,com.isharing.isharing,ar,True,ARS,5217.55,194335.05,3.43,127.79
2026-10-08,com.isharing.isharing,cl,True,CLP,1900.0,124000.0,1.95,127.25
2026-10-08,com.isharing.isharing,co,True,COP,4900.0,540000.0,1.51,166.83
2026-10-08,com.isharing.isharing,pe,True,PEN,9.99,529.99,2.9,153.92
2026-10-08,com.isharing.isharing,gb,True,GBP,2.26,124.99,2.99,165.21
2026-10-08,com.isharing.isharing,ie,True,EUR,2.76,144.99,3.09,162.37
2026-10-08,com.isharing.isharing,de,True,EUR,2.76,139.99,3.09,156.77
2026-10-08,com.isharing.isharing,fr,True,EUR,2.76,144.99,3.09,162.37
2026-10-08,com.isharing.isharing,es,True,EUR,2.76,144.99,3.09,162.37
2026-10-08,com.isharing.isharing,it,True,EUR,2.76,144.99,3.09,162.37
2026-10-08,com.isharing.isharing,nl,True,EUR,2.78,144.99,3.11,162.37
2026-10-08,com.isharing.isharing,be,True,EUR,2.76,144.99,3.09,162.37
2026-10-08,com.isharing.isharing,at,True,EUR,2.76,144.99,3.09,162.37
2026-10-08,com.isharing.isharing,pt,True,EUR,2.78,144.99,3.11,162.37
2026-10-08,com.isharing.isharing,fi,True,EUR,2.76,149.99,3.09,167.97
2026-10-08,com.isharing.isharing,gr,True,EUR,2.76,149.99,3.09,167.97
2026-10-08,com.isharing.isharing,sk,True,EUR,2.78,144.99,3.11,162.37
2026-10-08,com.isharing.isharing,si,True,EUR,2.78,144.99,3.11,162.37
2026-10-08,com.isharing.isharing,ee,True,EUR,2.76,144.99,3.09,162.37
2026-10-08,com.isharing.isharing,lv,True,EUR,3.69,144.99,4.13,162.37
2026-10-08,com.isharing.isharing,lt,True,EUR,2.78,144.99,3.11,162.37
2026-10-08,com.isharing.isharing,hr,True,EUR,3.85,149.99,4.31,167.97
2026-10-08,com.isharing.isharing,bg,True,EUR,2.78,143.16,3.11,160.32
2026-10-08,com.isharing.isharing,pl,True,PLN,11.65,659.99,2.98,168.76
2026-10-08,com.isharing.isharing,cz,True,CZK,71.08,3399.99,3.26,155.89
2026-10-08,com.isharing.isharing,hu,True,HUF,849.0,55999.0,2.6,171.28
2026-10-08,com.isharing.isharing,ro,True,RON,12.33,699.99,2.58,146.41
2026-10-08,com.isharing.isharing,se,True,SEK,24.99,1749.0,2.5,174.7
2026-10-08,com.isharing.isharing,no,True,NOK,22.61,1749.0,2.36,182.66
2026-10-08,com.isharing.isharing,dk,True,DKK,20.6,1099.0,3.08,164.45
2026-10-08,com.isharing.isharing,ch,True,CHF,2.99,120.0,3.59,144.04
2026-10-08,com.isharing.isharing,ua,True,UAH,9.99,5749.99,0.22,128.01
2026-10-08,com.isharing.isharing,tr,True,TRY,7.99,3989.99,0.16,81.07
2026-10-08,com.isharing.isharing,il,True,ILS,10.0,475.0,3.26,154.83
2026-10-08,com.isharing.isharing,ae,True,AED,12.29,499.99,3.35,136.14
2026-10-08,com.isharing.isharing,sa,True,SAR,12.55,559.99,3.35,149.33
2026-10-08,com.isharing.isharing,qa,True,QAR,9.99,480.0,2.74,131.87
2026-10-08,com.isharing.isharing,eg,True,EGP,27.09,3999.99,0.52,76.36
2026-10-08,com.isharing.isharing,ma,True,MAD,29.99,1539.99,3.01,154.47
2026-10-08,com.isharing.isharing,za,True,ZAR,39.46,2799.99,2.37,168.27
2026-10-08,com.isharing.isharing,ng,True,NGN,99.0,162500.0,0.07,122.16
2026-10-08,com.isharing.isharing,ke,True,KES,400.0,21000.0,3.09,162.02
2026-10-08,com.isharing.isharing,in,True,INR,49.0,12600.0,0.51,130.12
2026-10-08,com.isharing.isharing,pk,True,PKR,105.0,37200.0,0.38,134.26
2026-10-08,com.isharing.isharing,bd,True,BDT,149.0,14000.0,1.21,113.81
2026-10-08,com.isharing.isharing,id,True,IDR,9900.0,1990000.0,0.55,111.32
2026-10-08,com.isharing.isharing,my,True,MYR,9.9,639.99,2.42,156.57
2026-10-08,com.isharing.isharing,th,True,THB,49.99,4950.0,1.49,147.06
2026-10-08,com.isharing.isharing,vn,True,VND,19900.0,3050000.0,0.77,117.52
2026-10-08,com.isharing.isharing,ph,True,PHP,49.0,7200.0,0.78,114.63
2026-10-08,com.isharing.isharing,sg,True,SGD,2.99,189.98,2.34,148.46
2026-10-08,com.isharing.isharing,jp,True,JPY,299.0,18800.0,1.89,118.91
2026-10-08,com.isharing.isharing,kr,True,KRW,3900.0,190000.0,2.91,141.89
2026-10-08,com.isharing.isharing,tw,True,TWD,49.99,4240.0,1.57,133.04
2026-10-08,com.isharing.isharing,hk,True,HKD,19.99,1018.0,2.55,129.72
2026-10-08,com.isharing.isharing,au,True,AUD,2.99,214.99,2.08,149.68
2026-10-08,com.isharing.isharing,nz,True,NZD,4.41,244.99,2.47,137.19
2026-10-08,com.isharing.isharing,kz,True,KZT,300.0,65990.0,0.67,147.56
2026-10-08,com.isharing.isharing,rs,True,RSD,400.0,16999.0,3.81,162.13
